Filename,base,co2,calix+co2,,H,R,Site,Conformation,Bridge,Notes
C1.xyz,-1382.552591,-188.6682052,-1571.231706,-0.01091049,-6.85,H,All,cone,C,calix[4]arene base structure
C2.xyz,-1539.773611,-188.6682052,-1728.450943,-0.00912673,-5.73,C,para,cone,C,
C3.xyz,-1604.027981,-188.6682052,-1792.707521,-0.01133479,-7.11,N,para,cone,C,
C4.xyz,-1683.581173,-188.6682052,-1872.259722,-0.01034366,-6.49,O,para,cone,C,
C5.xyz,-1779.721434,-188.6682052,-1968.399473,-0.00983373,-6.17,F,para,cone,C,
C6.xyz,-1696.973516,-188.6682052,-1885.654958,-0.01323651,-8.31,CC,para,cone,C,
C7.xyz,-1761.19736,-188.6682052,-1949.878827,-0.01326229,-8.32,CN,para,cone,C,
C8.xyz,-1936.915981,-188.6682052,-2125.594947,-0.01076022,-6.75,CF,para,cone,C,
C9.xyz,-1692.147986,-188.6682052,-1880.827305,-0.01111357,-6.97,C=C,para,cone,C,
C10.xyz,-1836.040205,-188.6682052,-2024.718964,-0.01055422,-6.62,C=O,para,cone,C,
C11.xyz,-1854.178585,-188.6682052,-2042.85972,-0.01293019,-8.11,CCC,para,cone,C,
C12.xyz,-1918.413924,-188.6682052,-2107.10076,-0.01863088,-11.69,CCN,para,cone,C,
C13.xyz,-1997.983919,-188.6682052,-2186.670161,-0.01803762,-11.32,CCO,para,cone,C,
C14.xyz,-2094.128626,-188.6682052,-2282.810712,-0.01388062,-8.71,CCF,para,cone,C,
C15.xyz,-1918.369184,-188.6682052,-2107.05202,-0.01463054,-9.18,CNC,para,cone,C,
C16.xyz,-1997.91287,-188.6682052,-2186.593055,-0.01197968,-7.52,COC,para,cone,C,
C17.xyz,-1849.332577,-188.6682052,-2038.014249,-0.01346641,-8.45,CC=C,para,cone,C,
C18.xyz,-1993.216802,-188.6682052,-2181.897981,-0.01297451,-8.14,CC=O,para,cone,C,
C19.xyz,-1977.920266,-188.6682052,-2166.600617,-0.01214653,-7.62,NC=N,para,cone,C,
C20.xyz,-2057.574478,-188.6682052,-2246.254027,-0.01134354,-7.12,NC=O,para,cone,C,
C21.xyz,-2137.08403,-188.6682052,-2325.76421,-0.01197425,-7.51,OC=O,para,cone,C,
C22.xyz,-1977.773719,-188.6682052,-2166.453776,-0.01185145,-7.44,NN=C,para,cone,C,
C23.xyz,-2057.235814,-188.6682052,-2245.914716,-0.0106972,-6.71,ON=C,para,cone,C,
C24.xyz,-1849.303697,-188.6682052,-2037.983762,-0.01186015,-7.44,C1CC1,para,cone,C,
C25.xyz,-1913.516641,-188.6682052,-2102.196633,-0.01178702,-7.40,C1CN1,para,cone,C,
C26.xyz,-1993.086669,-188.6682052,-2181.766942,-0.01206752,-7.57,C1CO1,para,cone,C,
C27.xyz,-1840.757457,-188.6682052,-2029.438493,-0.01283028,-8.05,CO,para,cone,C,
C28.xyz,-1539.748833,-188.6682052,-1728.427014,-0.00997566,-6.26,C,bridge,cone,C,
C29.xyz,-1603.98709,-188.6682052,-1792.667721,-0.01242623,-7.80,N,bridge,cone,C,
C30.xyz,-1854.15329,-188.6682052,-2042.832944,-0.01144918,-7.18,CCC,bridge,cone,C,
C31.xyz,-1918.400087,-188.6682052,-2107.074331,-0.00603809,-3.79,CCN,bridge,cone,C,
C32.xyz,-1997.941292,-188.6682052,-2186.620125,-0.01062766,-6.67,CCO,bridge,cone,C,
C33.xyz,-2094.102155,-188.6682052,-2282.781763,-0.01140318,-7.16,CCF,bridge,cone,C,
C34.xyz,-1918.338197,-188.6682052,-2107.017782,-0.01137947,-7.14,CNC,bridge,cone,C,
C35.xyz,-1997.880583,-188.6682052,-2186.560197,-0.01140863,-7.16,COC,bridge,cone,C,
C36.xyz,-1849.308282,-188.6682052,-2037.987996,-0.01150883,-7.22,CC=C,bridge,cone,C,
C37.xyz,-1993.191197,-188.6682052,-2181.864588,-0.00518559,-3.25,CC=O,bridge,cone,C,
C38.xyz,-1977.909467,-188.6682052,-2166.585917,-0.00824443,-5.17,NC=N,bridge,cone,C,
C39.xyz,-2057.540303,-188.6682052,-2246.212591,-0.00408225,-2.56,NC=O,bridge,cone,C,
C40.xyz,-1683.544492,-188.6682052,-1872.223673,-0.01097588,-6.89,O,bridge,cone,C,
C41.xyz,-2137.075487,-188.6682052,-2325.754869,-0.0111768,-7.01,OC=O,bridge,cone,C,
C42.xyz,-1977.712706,-188.6682052,-2166.391822,-0.01091068,-6.85,NN=C,bridge,cone,C,
C43.xyz,-2057.190309,-188.6682052,-2245.870639,-0.01212522,-7.61,ON=C,bridge,cone,C,
C44.xyz,-1849.277553,-188.6682052,-2037.957468,-0.01170951,-7.35,C1CC1,bridge,cone,C,
C45.xyz,-1913.487672,-188.6682052,-2102.167283,-0.01140655,-7.16,C1CN1,bridge,cone,C,
C46.xyz,-1993.055772,-188.6682052,-2181.736794,-0.01281698,-8.04,C1CO1,bridge,cone,C,
C47.xyz,-1779.699873,-188.6682052,-1968.37841,-0.01033231,-6.48,F,bridge,cone,C,
C48.xyz,-1696.952805,-188.6682052,-1885.632267,-0.01125641,-7.06,CC,bridge,cone,C,
C49.xyz,-1761.181752,-188.6682052,-1949.860552,-0.0105944,-6.65,CN,bridge,cone,C,
C50.xyz,-1840.741049,-188.6682052,-2029.419958,-0.01070378,-6.72,CO,bridge,cone,C,
C51.xyz,-1936.891733,-188.6682052,-2125.57074,-0.01080182,-6.78,CF,bridge,cone,C,
C52.xyz,-1692.104179,-188.6682052,-1880.78436,-0.01197548,-7.51,C=C,bridge,cone,C,
C53.xyz,-1835.985376,-188.6682052,-2024.665082,-0.01150118,-7.22,C=O,bridge,cone,C,
C54.xyz,-1696.975277,-188.6682052,-1885.653655,-0.01017211,-6.38,C,meta,cone,C,
C55.xyz,-1825.530329,-188.6682052,-2014.211363,-0.01282843,-8.05,N,meta,cone,C,
C56.xyz,-2805.682316,-188.6682052,-2994.359657,-0.0091358,-5.73,CCF,meta,cone,C,
C57.xyz,-2316.103268,-188.6682052,-2504.782374,-0.01090097,-6.84,CC=C,meta,cone,C,
C58.xyz,-2603.872904,-188.6682052,-2792.547659,-0.00654999,-4.11,CC=O,meta,cone,C,
C59.xyz,-2732.603205,-188.6682052,-2921.277858,-0.00644749,-4.05,NC=O,meta,cone,C,
C60.xyz,-1984.652805,-188.6682052,-2173.331576,-0.01056545,-6.63,O,meta,cone,C,
C61.xyz,-2731.922266,-188.6682052,-2920.602136,-0.0116652,-7.32,ON=C,meta,cone,C,
C62.xyz,-2316.03476,-188.6682052,-2504.71454,-0.01157559,-7.26,C1CC1,meta,cone,C,
C63.xyz,-2444.463578,-188.6682052,-2633.143199,-0.01141533,-7.16,C1CN1,meta,cone,C,
C64.xyz,-2176.891359,-188.6682052,-2365.569576,-0.01001185,-6.28,F,meta,cone,C,
C65.xyz,-2011.374741,-188.6682052,-2200.052627,-0.00968056,-6.07,CC,meta,cone,C,
C66.xyz,-2139.848622,-188.6682052,-2328.52904,-0.01221343,-7.66,CN,meta,partial cone,C,
C67.xyz,-2491.260788,-188.6682052,-2679.936661,-0.00766811,-4.81,CF,meta,partial cone,C,
C68.xyz,-2001.715477,-188.6682052,-2190.394021,-0.01033923,-6.49,C=C,meta,cone,C,
C69.xyz,-1539.640835,-188.6682052,-1728.312686,-0.00364533,-2.29,C,lower,cone,C,
C70.xyz,-1603.729224,-188.6682052,-1792.402996,-0.00556689,-3.49,N,lower,partial cone,C,
C71.xyz,-1854.066293,-188.6682052,-2042.736084,-0.00158564,-1.00,CCC,lower,cone,C,
C72.xyz,-1918.302691,-188.6682052,-2106.974004,-0.00310749,-1.95,CCN,lower,cone,C,
C73.xyz,-1997.886929,-188.6682052,-2186.558717,-0.0035828,-2.25,CCO,lower,cone,C,
C74.xyz,-2094.005229,-188.6682052,-2282.677687,-0.0042528,-2.67,CCF,lower,cone,C,
C75.xyz,-1918.294148,-188.6682052,-2106.969365,-0.00701233,-4.40,CNC,lower,cone,C,
C76.xyz,-1997.833068,-188.6682052,-2186.507053,-0.00578012,-3.63,COC,lower,cone,C,
C77.xyz,-1849.219839,-188.6682052,-2037.891914,-0.00386936,-2.43,CC=C,lower,cone,C,
C78.xyz,-1993.092604,-188.6682052,-2181.764779,-0.00397072,-2.49,CC=O,lower,cone,C,
C79.xyz,-1977.62738,-188.6682052,-2166.299837,-0.00425233,-2.67,NC=N,lower,cone,C,
C80.xyz,-2057.290079,-188.6682052,-2245.968491,-0.01020666,-6.40,NC=O,lower,cone,C,
C81.xyz,-1683.203729,-188.6682052,-1871.875595,-0.00366041,-2.30,O,lower,cone,C,
C82.xyz,-1977.496436,-188.6682052,-2166.174167,-0.0095257,-5.98,NN=C,lower,cone,C,
C83.xyz,-1849.185213,-188.6682052,-2037.855891,-0.0024731,-1.55,C1CC1,lower,cone,C,
C84.xyz,-1913.419797,-188.6682052,-2102.09261,-0.00460744,-2.89,C1CN1,lower,cone,C,
C85.xyz,-1993.003413,-188.6682052,-2181.678719,-0.00710065,-4.46,C1CO1,lower,cone,C,
C86.xyz,-1696.865779,-188.6682052,-1885.534546,-0.00056172,-0.35,CC,lower,cone,C,
C87.xyz,-1761.133805,-188.6682052,-1949.805786,-0.00377555,-2.37,CN,lower,cone,C,
C88.xyz,-1840.697887,-188.6682052,-2029.372406,-0.00631417,-3.96,CO,lower,cone,C,
C89.xyz,-1936.848709,-188.6682052,-2125.520921,-0.00400677,-2.51,CF,lower,cone,C,
C90.xyz,-1692.054495,-188.6682052,-1880.725055,-0.00235484,-1.48,C=C,lower,partial cone,C,
C91.xyz,-1836.024483,-188.6682052,-2024.698925,-0.00623728,-3.91,OC=O,lower,partial cone,C,
C92.xyz,-2011.382038,-188.6682052,-2200.062949,-0.01270597,-7.97,C(C)(C)(C),para,cone,C,t-butylcalix[4]arene
C93.xyz,-2075.595909,-188.6682052,-2264.270714,-0.00660045,-4.14,C(C)(C)(C),para,"1,3-alternate",N,t-butylazacalix[4]arene
C94.xyz,-2155.117745,-188.6682052,-2343.789578,-0.00362792,-2.28,C(C)(C)(C),para,"1,3-alternate",O,t-butyloxacalix[4]arene
C95.xyz,-3447.176486,-188.6682052,-3635.858822,-0.01413106,-8.87,C(C)(C)(C),para,cone,S,t-butylthiacalix[4]arene
C96.xyz,-1446.768628,-188.6682052,-1635.44228,-0.00544669,-3.42,H,All,"1,3-alternate",N,azacalix[4]arene base structure
C97.xyz,-1526.287183,-188.6682052,-1714.958901,-0.00351275,-2.20,H,All,"1,3-alternate",O,oxacalix[4]arene base structure
C98.xyz,-2818.345576,-188.6682052,-3007.024228,-0.01044635,-6.56,H,All,cone,S,thiacalix[4]arene base structure
C99.xyz,-2454.251129,-188.6682052,-2642.928806,-0.00947217,-5.94,CCN,meta,cone,C,
C100.xyz,-2613.406732,-188.6682052,-2802.08184,-0.00690222,-4.33,CCO,meta,"1,3-alternate",C,
C101.xyz,-2454.206867,-188.6682052,-2642.884399,-0.00932592,-5.85,CNC,meta,"1,3-alternate",C,
C102.xyz,-2613.265219,-188.6682052,-2801.93989,-0.0064652,-4.06,COC,meta,partial cone,C,
C103.xyz,-2573.309142,-188.6682052,-2761.984336,-0.00698919,-4.39,NC=N,meta,cone,C,
C104.xyz,-1603.939151,-188.6682052,-1792.611651,-0.00429477,-2.70,C,bridge,"1,3-alternate",N,
C105.xyz,-1668.081958,-188.6682052,-1856.755598,-0.00543537,-3.41,N,bridge,"1,3-alternate",N,
C106.xyz,-1747.567951,-188.6682052,-1936.237092,-0.00093526,-0.59,O,bridge,"1,3-alternate",N,
C107.xyz,-1843.663395,-188.6682052,-2032.334897,-0.00329723,-2.07,F,bridge,"1,3-alternate",N,
C108.xyz,-1761.146589,-188.6682052,-1949.818041,-0.00324594,-2.04,CC,bridge,"1,3-alternate",N,
C109.xyz,-1825.411579,-188.6682052,-2014.084242,-0.00445754,-2.80,CN,bridge,cone,N,
C110.xyz,-1904.979217,-188.6682052,-2093.656296,-0.00887356,-5.57,CO,bridge,cone,N,
C111.xyz,-2001.128724,-188.6682052,-2189.801877,-0.00494823,-3.11,CF,bridge,"1,3-alternate",N,
C112.xyz,-1756.344758,-188.6682052,-1945.016231,-0.00326753,-2.05,C=C,bridge,"1,3-alternate",N,
C113.xyz,-1900.305854,-188.6682052,-2088.97968,-0.00562017,-3.53,C=O,bridge,cone,N,
C114.xyz,-1918.353314,-188.6682052,-2107.026066,-0.00454694,-2.85,CCC,bridge,"1,3-alternate",N,
C115.xyz,-1982.599811,-188.6682052,-2171.274257,-0.00624095,-3.92,CCN,bridge,cone,N,
C116.xyz,-2062.164192,-188.6682052,-2250.840928,-0.00853135,-5.35,CCO,bridge,cone,N,
C117.xyz,-2158.294118,-188.6682052,-2346.96678,-0.00445755,-2.80,CCF,bridge,"1,3-alternate",N,
C118.xyz,-1982.56486,-188.6682052,-2171.240512,-0.0074461,-4.67,CNC,bridge,"1,3-alternate",N,
C119.xyz,-2062.118176,-188.6682052,-2250.790732,-0.00435051,-2.73,COC,bridge,"1,3-alternate",N,
C120.xyz,-1913.512473,-188.6682052,-2102.184429,-0.0037502,-2.35,CC=C,bridge,"1,3-alternate",N,
C121.xyz,-2057.384903,-188.6682052,-2246.058812,-0.00570452,-3.58,CC=O,bridge,"1,3-alternate",N,
C122.xyz,-2042.011329,-188.6682052,-2230.687471,-0.00793685,-4.98,NC=N,bridge,"1,3-alternate",N,
C123.xyz,-2121.634368,-188.6682052,-2310.309957,-0.00738423,-4.63,NC=O,bridge,"1,3-alternate",N,
C124.xyz,-2201.101399,-188.6682052,-2389.774112,-0.00450783,-2.83,OC=O,bridge,"1,2-alternate",N,
C125.xyz,-2041.836807,-188.6682052,-2230.509765,-0.00475252,-2.98,NN=C,bridge,"1,3-alternate",N,
C126.xyz,-2121.257097,-188.6682052,-2309.92947,-0.00416709,-2.61,ON=C,bridge,"1,3-alternate",N,
C127.xyz,-1913.471948,-188.6682052,-2102.144532,-0.00437856,-2.75,C1CC1,bridge,"1,3-alternate",N,
C128.xyz,-1977.69823,-188.6682052,-2166.371087,-0.00465221,-2.92,C1CN1,bridge,"1,3-alternate",N,
C129.xyz,-2057.275147,-188.6682052,-2245.949645,-0.00629222,-3.95,C1CO1,bridge,"1,3-alternate",N,
C130.xyz,-1603.990262,-188.6682052,-1792.663523,-0.00505538,-3.17,C,para,"1,3-alternate",N,
C131.xyz,-1668.244569,-188.6682052,-1856.919039,-0.00626463,-3.93,N,para,"1,3-alternate",N,
C132.xyz,-1747.79618,-188.6682052,-1936.470501,-0.00611616,-3.84,O,para,"1,3-alternate",N,
C133.xyz,-1843.936819,-188.6682052,-2032.610696,-0.00567139,-3.56,F,para,"1,3-alternate",N,
C134.xyz,-1761.188814,-188.6682052,-1949.862762,-0.00574334,-3.60,CC,para,"1,3-alternate",N,
C135.xyz,-1825.413473,-188.6682052,-2014.088418,-0.00673968,-4.23,CN,para,"1,3-alternate",N,
C136.xyz,-1904.973391,-188.6682052,-2093.647371,-0.00577454,-3.62,CO,para,"1,3-alternate",N,
C137.xyz,-2001.132337,-188.6682052,-2189.807329,-0.00678648,-4.26,CF,para,"1,3-alternate",N,
C138.xyz,-1756.363773,-188.6682052,-1945.038288,-0.00630922,-3.96,C=C,para,"1,3-alternate",N,
C139.xyz,-1900.258365,-188.6682052,-2088.93176,-0.0051899,-3.26,C=O,para,"1,3-alternate",N,
C140.xyz,-1918.390919,-188.6682052,-2107.065374,-0.0062498,-3.92,CCC,para,"1,3-alternate",N,
C141.xyz,-1982.62273,-188.6682052,-2171.298427,-0.00749148,-4.70,CCN,para,"1,3-alternate",N,
C142.xyz,-2062.18813,-188.6682052,-2250.864221,-0.00788537,-4.95,CCO,para,"1,3-alternate",N,
C143.xyz,-2158.340943,-188.6682052,-2347.01582,-0.00667107,-4.19,CCF,para,"1,3-alternate",N,
C144.xyz,-1982.581555,-188.6682052,-2171.256161,-0.00640082,-4.02,CNC,para,"1,3-alternate",N,
C145.xyz,-2062.126448,-188.6682052,-2250.80112,-0.00646686,-4.06,COC,para,"1,3-alternate",N,
C146.xyz,-1913.547026,-188.6682052,-2102.221563,-0.00633234,-3.97,CC=C,para,"1,3-alternate",N,
C147.xyz,-2057.429727,-188.6682052,-2246.106683,-0.00875135,-5.49,CC=O,para,"1,3-alternate",N,
C148.xyz,-2042.132452,-188.6682052,-2230.807485,-0.00682751,-4.28,NC=N,para,"1,3-alternate",N,
C149.xyz,-2121.78643,-188.6682052,-2310.460568,-0.00593319,-3.72,NC=O,para,"1,3-alternate",N,
C150.xyz,-2201.29905,-188.6682052,-2389.974405,-0.0071497,-4.49,OC=O,para,"1,3-alternate",N,
C151.xyz,-2041.988464,-188.6682052,-2230.662951,-0.0062816,-3.94,NN=C,para,"1,3-alternate",N,
C152.xyz,-2121.451627,-188.6682052,-2310.126064,-0.00623208,-3.91,ON=C,para,"1,3-alternate",N,
C153.xyz,-1913.518347,-188.6682052,-2102.193349,-0.00679624,-4.26,C1CC1,para,"1,3-alternate",N,
C154.xyz,-1977.732606,-188.6682052,-2166.407364,-0.00655279,-4.11,C1CN1,para,"1,3-alternate",N,
C155.xyz,-2057.302024,-188.6682052,-2245.976483,-0.00625398,-3.92,C1CO1,para,"1,3-alternate",N,
C156.xyz,-1761.214391,-188.6682052,-1949.888414,-0.00581772,-3.65,C,meta,"1,3-alternate",N,
C157.xyz,-1889.755946,-188.6682052,-2078.433747,-0.00959531,-6.02,N,meta,partial cone,N,
C158.xyz,-2048.860441,-188.6682052,-2237.540134,-0.01148778,-7.21,O,meta,cone,N,
C159.xyz,-2241.090389,-188.6682052,-2429.763543,-0.00494809,-3.10,F,meta,"1,3-alternate",N,
C160.xyz,-2075.614506,-188.6682052,-2264.289096,-0.00638514,-4.01,CC,meta,"1,3-alternate",N,
C161.xyz,-2204.102467,-188.6682052,-2392.774441,-0.00376849,-2.36,CN,meta,"1,3-alternate",N,
C162.xyz,-2363.213213,-188.6682052,-2551.892436,-0.01101693,-6.91,CO,meta,"1,3-alternate",N,
C163.xyz,-2555.513733,-188.6682052,-2744.187399,-0.00546146,-3.43,CF,meta,"1,3-alternate",N,
C164.xyz,-2065.966127,-188.6682052,-2254.640051,-0.00571922,-3.59,C=C,meta,"1,3-alternate",N,
C165.xyz,-2353.782865,-188.6682052,-2542.457419,-0.00634845,-3.98,C=O,meta,"1,3-alternate",N,
C166.xyz,-2390.025425,-188.6682052,-2578.701621,-0.00799018,-5.01,CCC,meta,"1,3-alternate",N,
C167.xyz,-2518.523285,-188.6682052,-2707.205538,-0.01404773,-8.82,CCN,meta,"1,3-alternate",N,
C168.xyz,-2677.65307,-188.6682052,-2866.328547,-0.00727149,-4.56,CCO,meta,"1,3-alternate",N,
C169.xyz,-2869.935714,-188.6682052,-3058.610645,-0.00672576,-4.22,CCF,meta,"1,3-alternate",N,
C170.xyz,-2518.446442,-188.6682052,-2707.122149,-0.00750198,-4.71,CNC,meta,"1,3-alternate",N,
C171.xyz,-2677.52478,-188.6682052,-2866.199126,-0.00614051,-3.85,COC,meta,"1,3-alternate",N,
C172.xyz,-2380.35074,-188.6682052,-2569.025709,-0.00676406,-4.24,CC=C,meta,"1,3-alternate",N,
C173.xyz,-2668.132958,-188.6682052,-2856.80652,-0.00535748,-3.36,CC=O,meta,"1,3-alternate",N,
C174.xyz,-2637.548932,-188.6682052,-2826.226949,-0.00981192,-6.16,NC=N,meta,"1,3-alternate",N,
C175.xyz,-2796.847027,-188.6682052,-2985.522122,-0.00688968,-4.32,NC=O,meta,cone,N,
C176.xyz,-2637.195192,-188.6682052,-2825.870743,-0.00734617,-4.61,NN=C,meta,"1,3-alternate",N,
C177.xyz,-2796.123346,-188.6682052,-2984.797908,-0.0063569,-3.99,ON=C,meta,"1,3-alternate",N,
C178.xyz,-2380.281853,-188.6682052,-2568.956601,-0.00654358,-4.11,C1CC1,meta,"1,3-alternate",N,
C179.xyz,-2508.699786,-188.6682052,-2697.377607,-0.0096163,-6.03,C1CN1,meta,"1,3-alternate",N,
C180.xyz,-2667.844971,-188.6682052,-2856.518613,-0.0054364,-3.41,C1CO1,meta,"1,3-alternate",N,
C181.xyz,-1603.861958,-188.6682052,-1792.533215,-0.00305174,-1.91,C,lower,cone,N,
C182.xyz,-1667.961913,-188.6682052,-1856.636961,-0.00684221,-4.29,N,lower,partial cone,N,
C183.xyz,-1747.430168,-188.6682052,-1936.105156,-0.00678296,-4.26,O,lower,"1,3-alternate",N,
C184.xyz,-1761.090037,-188.6682052,-1949.761494,-0.00325131,-2.04,CC,lower,cone,N,
C185.xyz,-1825.358586,-188.6682052,-2014.031095,-0.00430426,-2.70,CN,lower,cone,N,
C186.xyz,-1904.929408,-188.6682052,-2093.603756,-0.00614272,-3.85,CO,lower,cone,N,
C187.xyz,-2001.069405,-188.6682052,-2189.742088,-0.00447758,-2.81,CF,lower,cone,N,
C188.xyz,-1756.270101,-188.6682052,-1944.942767,-0.00446145,-2.80,C=C,lower,cone,N,
C189.xyz,-1900.243554,-188.6682052,-2088.914629,-0.00286938,-1.80,C=O,lower,cone,N,
C190.xyz,-1918.293473,-188.6682052,-2106.964637,-0.00295888,-1.86,CCC,lower,cone,N,
C191.xyz,-1982.531303,-188.6682052,-2171.205141,-0.00563248,-3.53,CCN,lower,cone,N,
C192.xyz,-2062.104453,-188.6682052,-2250.775105,-0.0024471,-1.54,CCO,lower,cone,N,
C193.xyz,-2158.228281,-188.6682052,-2346.90066,-0.0041732,-2.62,CCF,lower,cone,N,
C194.xyz,-2062.060514,-188.6682052,-2250.735645,-0.00692655,-4.35,COC,lower,cone,N,
C195.xyz,-1913.444184,-188.6682052,-2102.118511,-0.00612215,-3.84,CC=C,lower,cone,N,
C196.xyz,-2057.319351,-188.6682052,-2245.992852,-0.00529622,-3.32,CC=O,lower,cone,N,
C197.xyz,-2041.867685,-188.6682052,-2230.540302,-0.00441152,-2.77,NC=N,lower,cone,N,
C198.xyz,-2121.504091,-188.6682052,-2310.178457,-0.00616082,-3.87,NC=O,lower,cone,N,
C199.xyz,-2041.722073,-188.6682052,-2230.396576,-0.00629818,-3.95,NN=C,lower,cone,N,
C200.xyz,-1913.411562,-188.6682052,-2102.083086,-0.00331827,-2.08,C1CC1,lower,cone,N,
C201.xyz,-1977.646663,-188.6682052,-2166.320359,-0.00549036,-3.45,C1CN1,lower,cone,N,
C202.xyz,-2057.222409,-188.6682052,-2245.894509,-0.00389456,-2.44,C1CO1,lower,cone,N,
C203.xyz,-1683.383403,-188.6682052,-1872.055311,-0.00370287,-2.32,C,lower,cone,O,
C204.xyz,-1747.479063,-188.6682052,-1936.151988,-0.00471982,-2.96,N,lower,partial cone,O,
C205.xyz,-1826.930403,-188.6682052,-2015.602958,-0.00434914,-2.73,O,lower,partial cone,O,
C206.xyz,-1922.969359,-188.6682052,-2111.640322,-0.00275766,-1.73,F,lower,cone,O,
C207.xyz,-1840.610558,-188.6682052,-2029.281533,-0.00277025,-1.74,CC,lower,cone,O,
C208.xyz,-1904.881453,-188.6682052,-2093.554939,-0.00528062,-3.31,CN,lower,cone,O,
C209.xyz,-1984.446939,-188.6682052,-2173.122732,-0.00758815,-4.76,CO,lower,cone,O,
C210.xyz,-2080.584578,-188.6682052,-2269.256545,-0.00376212,-2.36,CF,lower,cone,O,
C211.xyz,-1835.780027,-188.6682052,-2024.452295,-0.0040625,-2.55,C=C,lower,cone,O,
C212.xyz,-1979.75007,-188.6682052,-2168.422338,-0.00406311,-2.55,C=O,lower,cone,O,
C213.xyz,-1997.812872,-188.6682052,-2186.484834,-0.00375717,-2.36,CCC,lower,cone,O,
C214.xyz,-2062.052926,-188.6682052,-2250.727231,-0.00609909,-3.83,CCN,lower,cone,O,
C215.xyz,-2237.749913,-188.6682052,-2426.419938,-0.00181909,-1.14,CCF,lower,cone,O,
C216.xyz,-2062.046734,-188.6682052,-2250.719276,-0.00433737,-2.72,CNC,lower,cone,O,
C217.xyz,-2141.584134,-188.6682052,-2330.25763,-0.00529146,-3.32,COC,lower,cone,O,
C218.xyz,-1992.962113,-188.6682052,-2181.633156,-0.00283859,-1.78,CC=C,lower,cone,O,
C219.xyz,-2136.841651,-188.6682052,-2325.514234,-0.00437758,-2.75,CC=O,lower,cone,O,
C220.xyz,-2121.383952,-188.6682052,-2310.05733,-0.00517322,-3.25,NC=N,lower,cone,O,
C221.xyz,-2201.021493,-188.6682052,-2389.694539,-0.00484042,-3.04,NC=O,lower,cone,O,
C222.xyz,-2121.235523,-188.6682052,-2309.909841,-0.0061126,-3.84,NN=C,lower,cone,O,
C223.xyz,-1992.929773,-188.6682052,-2181.601302,-0.00332428,-2.09,C1CC1,lower,cone,O,
C224.xyz,-2057.160325,-188.6682052,-2245.834864,-0.00633321,-3.97,C1CN1,lower,cone,O,
C225.xyz,-2136.735907,-188.6682052,-2325.410888,-0.00677515,-4.25,C1CO1,lower,cone,O,
C226.xyz,-1683.507033,-188.6682052,-1872.180367,-0.0051291,-3.22,C,para,"1,3-alternate",O,
C227.xyz,-1747.764049,-188.6682052,-1936.437605,-0.00535141,-3.36,N,para,"1,3-alternate",O,
C228.xyz,-1827.313861,-188.6682052,-2015.98659,-0.00452322,-2.84,O,para,"1,3-alternate",O,
C229.xyz,-1923.449708,-188.6682052,-2112.121729,-0.003816,-2.39,F,para,"1,3-alternate",O,
C230.xyz,-1840.707629,-188.6682052,-2029.379595,-0.00376115,-2.36,CC,para,"1,3-alternate",O,
C231.xyz,-1904.932058,-188.6682052,-2093.604815,-0.00455229,-2.86,CN,para,"1,3-alternate",O,
C232.xyz,-1984.4912,-188.6682052,-2173.163251,-0.00384635,-2.41,CO,para,"1,3-alternate",O,
C233.xyz,-2080.647834,-188.6682052,-2269.321985,-0.00594594,-3.73,CF,para,"1,3-alternate",O,
C234.xyz,-1835.881665,-188.6682052,-2024.55499,-0.00511979,-3.21,C=C,para,"1,3-alternate",O,
C235.xyz,-1979.769237,-188.6682052,-2168.441362,-0.00391935,-2.46,C=O,para,"1,3-alternate",O,
C236.xyz,-1997.911865,-188.6682052,-2186.582311,-0.00224131,-1.41,CCC,para,"1,3-alternate",O,
C237.xyz,-2062.149188,-188.6682052,-2250.823606,-0.00621217,-3.90,CCN,para,"1,3-alternate",O,
C238.xyz,-2141.706377,-188.6682052,-2330.380763,-0.00618056,-3.88,CCO,para,"1,3-alternate",O,
C239.xyz,-2237.862363,-188.6682052,-2426.535173,-0.00460521,-2.89,CCF,para,"1,3-alternate",O,
C240.xyz,-2062.101542,-188.6682052,-2250.772938,-0.00319071,-2.00,CNC,para,"1,3-alternate",O,
C241.xyz,-2141.642826,-188.6682052,-2330.317832,-0.00680165,-4.27,COC,para,"1,3-alternate",O,
C242.xyz,-1993.066845,-188.6682052,-2181.740773,-0.00572268,-3.59,CC=C,para,"1,3-alternate",O,
C243.xyz,-2136.947691,-188.6682052,-2325.621019,-0.00512232,-3.21,CC=O,para,"1,3-alternate",O,
C244.xyz,-2121.657872,-188.6682052,-2310.331906,-0.0058281,-3.66,NC=N,para,cone,O,
C245.xyz,-2201.304413,-188.6682052,-2389.981086,-0.00846792,-5.31,NC=O,para,cone,O,
C246.xyz,-2280.814487,-188.6682052,-2469.489198,-0.00650615,-4.08,OC=O,para,"1,3-alternate",O,
C247.xyz,-2121.50653,-188.6682052,-2310.179996,-0.00526069,-3.30,NN=C,para,"1,3-alternate",O,
C248.xyz,-1993.038854,-188.6682052,-2181.71185,-0.00479113,-3.01,C1CC1,para,"1,3-alternate",O,
C249.xyz,-2057.250937,-188.6682052,-2245.924613,-0.00547057,-3.43,C1CN1,para,"1,3-alternate",O,
C250.xyz,-2136.818995,-188.6682052,-2325.491997,-0.00479676,-3.01,C1CO1,para,"1,3-alternate",O,
C251.xyz,-1840.739678,-188.6682052,-2029.411729,-0.00384554,-2.41,C,meta,"1,3-alternate",O,
C252.xyz,-1969.273817,-188.6682052,-2157.951593,-0.00957046,-6.01,N,meta,partial cone,O,
C253.xyz,-2128.367647,-188.6682052,-2317.044949,-0.00909661,-5.71,O,meta,cone,O,
C254.xyz,-2320.577619,-188.6682052,-2509.247875,-0.00205071,-1.29,F,meta,"1,3-alternate",O,
C255.xyz,-2155.140804,-188.6682052,-2343.813085,-0.00407583,-2.56,CC,meta,"1,3-alternate",O,
C256.xyz,-2283.639229,-188.6682052,-2472.316251,-0.00881661,-5.53,CN,meta,"1,3-alternate",O,
C257.xyz,-2442.745012,-188.6682052,-2631.424149,-0.01093125,-6.86,CO,meta,"1,3-alternate",O,
C258.xyz,-2635.028836,-188.6682052,-2823.70018,-0.00313884,-1.97,CF,meta,"1,3-alternate",O,
C259.xyz,-2145.473328,-188.6682052,-2334.145765,-0.00423127,-2.66,C=C,meta,"1,3-alternate",O,
C260.xyz,-2433.255412,-188.6682052,-2621.925063,-0.00144514,-0.91,C=O,meta,"1,3-alternate",O,
C261.xyz,-2598.090935,-188.6682052,-2786.764415,-0.00527447,-3.31,CCN,meta,"1,3-alternate",O,
C262.xyz,-2757.192567,-188.6682052,-2945.865738,-0.00496527,-3.12,CCO,meta,"1,3-alternate",O,
C263.xyz,-2949.449153,-188.6682052,-3138.123154,-0.00579618,-3.64,CCF,meta,"1,3-alternate",O,
C264.xyz,-2597.983705,-188.6682052,-2786.657334,-0.00542302,-3.40,CNC,meta,"1,3-alternate",O,
C265.xyz,-2757.035605,-188.6682052,-2945.707366,-0.00355619,-2.23,COC,meta,"1,3-alternate",O,
C266.xyz,-2459.86248,-188.6682052,-2648.535593,-0.00490813,-3.08,CC=C,meta,"1,3-alternate",O,
C267.xyz,-2747.653712,-188.6682052,-2936.32753,-0.00561286,-3.52,CC=O,meta,"1,3-alternate",O,
C268.xyz,-2717.059807,-188.6682052,-2905.731948,-0.00393632,-2.47,NC=N,meta,cone,O,
C269.xyz,-2876.35869,-188.6682052,-3065.033283,-0.00638816,-4.01,NC=O,meta,"1,3-alternate",O,
C270.xyz,-3035.361649,-188.6682052,-3224.034579,-0.00472455,-2.96,OC=O,meta,"1,3-alternate",O,
C271.xyz,-2716.690622,-188.6682052,-2905.365074,-0.00624617,-3.92,NN=C,meta,"1,3-alternate",O,
C272.xyz,-2875.6349,-188.6682052,-3064.306485,-0.00337948,-2.12,ON=C,meta,cone,O,
C273.xyz,-2459.792069,-188.6682052,-2648.465844,-0.00557033,-3.50,C1CC1,meta,"1,3-alternate",O,
C274.xyz,-2588.213246,-188.6682052,-2776.887282,-0.0058311,-3.66,C1CN1,meta,"1,3-alternate",O,
C275.xyz,-2747.370651,-188.6682052,-2936.042743,-0.00388647,-2.44,C1CO1,meta,"1,3-alternate",O,
C276.xyz,-2975.566343,-188.6682052,-3164.244999,-0.01045049,-6.56,C,para,cone,S,
C277.xyz,-3039.821244,-188.6682052,-3228.500218,-0.01076883,-6.76,N,para,cone,S,
C278.xyz,-3119.371792,-188.6682052,-3308.046004,-0.00600693,-3.77,O,para,cone,S,
C279.xyz,-3215.508043,-188.6682052,-3404.186327,-0.01007926,-6.32,F,para,cone,S,
C280.xyz,-3132.767027,-188.6682052,-3321.447463,-0.01223131,-7.68,CC,para,cone,S,
C281.xyz,-3196.99361,-188.6682052,-3385.673019,-0.01120378,-7.03,CN,para,cone,S,
C282.xyz,-3372.7093,-188.6682052,-3561.383454,-0.00594846,-3.73,CF,para,cone,S,
C283.xyz,-3127.940808,-188.6682052,-3316.620569,-0.01155585,-7.25,C=C,para,cone,S,
C284.xyz,-3271.833938,-188.6682052,-3460.50826,-0.00611658,-3.84,C=O,para,cone,S,
C285.xyz,-3289.972434,-188.6682052,-3478.653966,-0.01332595,-8.36,CCC,para,cone,S,
C286.xyz,-3354.207256,-188.6682052,-3542.890709,-0.01524743,-9.57,CCN,para,cone,S,
C287.xyz,-3433.778535,-188.6682052,-3622.465683,-0.01894238,-11.89,CCO,para,cone,S,
C288.xyz,-3529.922573,-188.6682052,-3718.603236,-0.0124574,-7.82,CCF,para,cone,S,
C289.xyz,-3354.166389,-188.6682052,-3542.845973,-0.01137942,-7.14,CNC,para,cone,S,
C290.xyz,-3433.706253,-188.6682052,-3622.387525,-0.01306717,-8.20,COC,para,cone,S,
C291.xyz,-3285.128253,-188.6682052,-3473.809698,-0.01323925,-8.31,CC=C,para,cone,S,
C292.xyz,-3429.011561,-188.6682052,-3617.693362,-0.01359548,-8.53,CC=O,para,cone,S,
C293.xyz,-3413.72011,-188.6682052,-3602.396892,-0.00857661,-5.38,NC=N,para,cone,S,
C294.xyz,-3493.361933,-188.6682052,-3682.04751,-0.01737164,-10.90,NC=O,para,cone,S,
C295.xyz,-3572.877364,-188.6682052,-3761.551013,-0.0054441,-3.42,OC=O,para,cone,S,
C296.xyz,-3413.569199,-188.6682052,-3602.243572,-0.00616791,-3.87,NN=C,para,cone,S,
C297.xyz,-3493.025838,-188.6682052,-3681.699351,-0.00530832,-3.33,ON=C,para,cone,S,
C298.xyz,-3285.097179,-188.6682052,-3473.778297,-0.01291247,-8.10,C1CC1,para,cone,S,
C299.xyz,-3349.315335,-188.6682052,-3537.986961,-0.00342088,-2.15,C1CN1,para,cone,S,
C300.xyz,-3428.883196,-188.6682052,-3617.558337,-0.00693615,-4.35,C1CO1,para,cone,S,
C301.xyz,-3132.797804,-188.6682052,-3321.47535,-0.00934086,-5.86,C,meta,cone,S,
C302.xyz,-3261.369282,-188.6682052,-3450.05081,-0.01332246,-8.36,N,meta,cone,S,
C303.xyz,-3420.4684,-188.6682052,-3609.147561,-0.01095649,-6.88,O,meta,cone,S,
C304.xyz,-3612.675963,-188.6682052,-3801.354269,-0.01010097,-6.34,F,meta,cone,S,
C305.xyz,-3447.202721,-188.6682052,-3635.879983,-0.00905698,-5.68,CC,meta,cone,S,
C306.xyz,-3575.686521,-188.6682052,-3764.362008,-0.00728193,-4.57,CN,meta,"1,3-alternate",S,
C307.xyz,-3734.799828,-188.6682052,-3923.475205,-0.00717216,-4.50,CO,meta,"1,3-alternate",S,
C308.xyz,-3927.077695,-188.6682052,-4115.751941,-0.00604029,-3.79,CF,meta,"1,3-alternate",S,
C309.xyz,-3437.537064,-188.6682052,-3626.21372,-0.00845055,-5.30,C=C,meta,cone,S,
C310.xyz,-3725.281266,-188.6682052,-3913.954324,-0.00485253,-3.05,C=O,meta,cone,S,
C311.xyz,-3890.083814,-188.6682052,-4078.757234,-0.00521466,-3.27,CCN,meta,cone,S,
C312.xyz,-4049.239431,-188.6682052,-4237.912515,-0.00487889,-3.06,CCO,meta,"1,3-alternate",S,
C313.xyz,-4241.502583,-188.6682052,-4430.179481,-0.00869247,-5.45,CCF,meta,cone,S,
C314.xyz,-3890.015233,-188.6682052,-4078.693424,-0.00998547,-6.27,CNC,meta,partial cone,S,
C315.xyz,-4049.093893,-188.6682052,-4237.764724,-0.00262554,-1.65,COC,meta,"1,3-alternate",S,
C316.xyz,-3751.919331,-188.6682052,-3940.599108,-0.01157175,-7.26,CC=C,meta,cone,S,
C317.xyz,-4039.695377,-188.6682052,-4228.368876,-0.00529411,-3.32,CC=O,meta,cone,S,
C318.xyz,-4009.141521,-188.6682052,-4197.813586,-0.0038599,-2.42,NC=N,meta,cone,S,
C319.xyz,-4168.42533,-188.6682052,-4357.098359,-0.00482433,-3.03,NC=O,meta,cone,S,
C320.xyz,-4327.407434,-188.6682052,-4516.084565,-0.00892525,-5.60,OC=O,meta,cone,S,
C321.xyz,-4008.811204,-188.6682052,-4197.48842,-0.00901064,-5.65,NN=C,meta,cone,S,
C322.xyz,-4167.729298,-188.6682052,-4356.401035,-0.00353128,-2.22,ON=C,meta,cone,S,
C323.xyz,-3751.865255,-188.6682052,-3940.542737,-0.0092776,-5.82,C1CC1,meta,cone,S,
C324.xyz,-3880.281434,-188.6682052,-4068.958706,-0.00906657,-5.69,C1CN1,meta,cone,S,
C325.xyz,-2975.441339,-188.6682052,-3164.113182,-0.00363749,-2.28,C,lower,cone,S,
C326.xyz,-3039.528701,-188.6682052,-3228.199918,-0.00301159,-1.89,N,lower,cone,S,
C327.xyz,-3118.98342,-188.6682052,-3307.656546,-0.00492073,-3.09,O,lower,cone,S,
C328.xyz,-3132.669937,-188.6682052,-3321.340879,-0.00273668,-1.72,CC,lower,cone,S,
C329.xyz,-3276.500203,-188.6682052,-3465.176624,-0.00821589,-5.16,CO,lower,cone,S,
C330.xyz,-3372.641361,-188.6682052,-3561.313395,-0.00382881,-2.40,CF,lower,cone,S,
C331.xyz,-3271.802791,-188.6682052,-3460.476534,-0.00553846,-3.48,OC=O,lower,"1,2-alternate",S,
C332.xyz,-3289.870686,-188.6682052,-3478.541688,-0.00279642,-1.75,CCC,lower,cone,S,
C333.xyz,-3354.108724,-188.6682052,-3542.782967,-0.00603833,-3.79,CCN,lower,cone,S,
C334.xyz,-3433.670796,-188.6682052,-3622.345172,-0.0061708,-3.87,CCO,lower,cone,S,
C335.xyz,-3529.812098,-188.6682052,-3718.481945,-0.001642,-1.03,CCF,lower,cone,S,
C336.xyz,-3354.11141,-188.6682052,-3542.782128,-0.00251276,-1.58,CNC,lower,cone,S,
C337.xyz,-3433.642129,-188.6682052,-3622.316464,-0.00612923,-3.85,COC,lower,cone,S,
C338.xyz,-3285.024838,-188.6682052,-3473.696719,-0.00367514,-2.31,CC=C,lower,cone,S,
C339.xyz,-3428.898661,-188.6682052,-3617.57147,-0.0046038,-2.89,CC=O,lower,cone,S,
C340.xyz,-3413.433347,-188.6682052,-3602.107892,-0.00633982,-3.98,NC=N,lower,cone,S,
C341.xyz,-3493.081277,-188.6682052,-3681.752853,-0.0033708,-2.12,NC=O,lower,cone,S,
C342.xyz,-3413.29112,-188.6682052,-3601.965001,-0.00567559,-3.56,NN=C,lower,cone,S,
C343.xyz,-3284.992853,-188.6682052,-3473.664018,-0.00295914,-1.86,C1CC1,lower,cone,S,
C344.xyz,-3349.223478,-188.6682052,-3537.900085,-0.00840226,-5.27,C1CN1,lower,cone,S,
C345.xyz,-3428.796875,-188.6682052,-3617.467421,-0.00234116,-1.47,C1CO1,lower,cone,S,
A97.xyz,-2560.907268,-188.6682052,-2749.585203,-0.00972928,-6.11,CCC(F)=CC,bridge,cone,C,
A407.xyz,-2647.880307,-188.6682052,-2836.557644,-0.00913149,-5.73,CC1=NN=NO1,bridge,cone,C,
A1090.xyz,-2371.720076,-188.6682052,-2560.398964,-0.01068286,-6.70,NC1CC(O)1,bridge,cone,C,
A2510.xyz,-2519.305959,-188.6682052,-2707.982497,-0.00833276,-5.23,C=COCC#N,lower,cone,C,
A2699.xyz,-2505.793669,-188.6682052,-2694.469743,-0.00786841,-4.94,OC(=O)C#N,lower,cone,C,
A3140.xyz,-2307.097206,-188.6682052,-2495.773325,-0.00791403,-4.97,OCC1CC1,lower,cone,C,
A5170.xyz,-2860.420026,-188.6682052,-3049.101711,-0.01347946,-8.46,CC(F)(F)C#N,para,cone,C,
A5530.xyz,-2732.673542,-188.6682052,-2921.362534,-0.0207859,-13.04,NC(=O)C(=O)N,para,cone,C,
A22025.xyz,-3959.932291,-188.6682052,-4148.61581,-0.01531377,-9.61,C1CON=CC1,para,cone,S,
A22038.xyz,-3875.641986,-188.6682052,-4064.323841,-0.01364968,-8.57,C1C=NN=CC1,para,cone,S,
A22040.xyz,-3875.685677,-188.6682052,-4064.363539,-0.00965621,-6.06,C1NN=CC=C1,para,cone,S,
A5531.xyz,-2812.212048,-188.6682052,-3000.901343,-0.02109032,-13.23,NC(=O)C(=O)O,para,cone,C,
A5540.xyz,-3040.818122,-188.6682052,-3229.49915,-0.01282278,-8.05,CC(F)=C(F)F,para,cone,C,
A5412.xyz,-2795.977994,-188.6682052,-2984.662846,-0.01664696,-10.45,CC#CC(F)F,para,cone,C,
A5498.xyz,-3009.13788,-188.6682052,-3197.817251,-0.0111658,-7.01,NC(=O)C(F)F,para,cone,C,
A22693.xyz,-4168.474783,-188.6682052,-4357.162931,-0.01994274,-12.51,NC(=O)C(=O)N,para,cone,S,
